phase,participant,sequence,task1_condition,task1_scenario,task1_link,task2_condition,task2_scenario,task2_link
pilot,T001,AB,baseline,A,https://mercouriss.github.io/macrotable-prototype/experiment?participant=T001&condition=baseline&scenario=A,macrotable,B,https://mercouriss.github.io/macrotable-prototype/experiment?participant=T001&condition=macrotable&scenario=B
pilot,T002,BA,macrotable,A,https://mercouriss.github.io/macrotable-prototype/experiment?participant=T002&condition=macrotable&scenario=A,baseline,B,https://mercouriss.github.io/macrotable-prototype/experiment?participant=T002&condition=baseline&scenario=B
pilot,T003,AB,baseline,A,https://mercouriss.github.io/macrotable-prototype/experiment?participant=T003&condition=baseline&scenario=A,macrotable,B,https://mercouriss.github.io/macrotable-prototype/experiment?participant=T003&condition=macrotable&scenario=B
pilot,T004,BA,macrotable,A,https://mercouriss.github.io/macrotable-prototype/experiment?participant=T004&condition=macrotable&scenario=A,baseline,B,https://mercouriss.github.io/macrotable-prototype/experiment?participant=T004&condition=baseline&scenario=B
pilot,T005,AB,baseline,A,https://mercouriss.github.io/macrotable-prototype/experiment?participant=T005&condition=baseline&scenario=A,macrotable,B,https://mercouriss.github.io/macrotable-prototype/experiment?participant=T005&condition=macrotable&scenario=B
pilot,T006,BA,macrotable,A,https://mercouriss.github.io/macrotable-prototype/experiment?participant=T006&condition=macrotable&scenario=A,baseline,B,https://mercouriss.github.io/macrotable-prototype/experiment?participant=T006&condition=baseline&scenario=B
main,P001,AB,baseline,A,https://mercouriss.github.io/macrotable-prototype/experiment?participant=P001&condition=baseline&scenario=A,macrotable,B,https://mercouriss.github.io/macrotable-prototype/experiment?participant=P001&condition=macrotable&scenario=B
main,P002,BA,macrotable,A,https://mercouriss.github.io/macrotable-prototype/experiment?participant=P002&condition=macrotable&scenario=A,baseline,B,https://mercouriss.github.io/macrotable-prototype/experiment?participant=P002&condition=baseline&scenario=B
main,P003,AB,baseline,A,https://mercouriss.github.io/macrotable-prototype/experiment?participant=P003&condition=baseline&scenario=A,macrotable,B,https://mercouriss.github.io/macrotable-prototype/experiment?participant=P003&condition=macrotable&scenario=B
main,P004,BA,macrotable,A,https://mercouriss.github.io/macrotable-prototype/experiment?participant=P004&condition=macrotable&scenario=A,baseline,B,https://mercouriss.github.io/macrotable-prototype/experiment?participant=P004&condition=baseline&scenario=B
main,P005,AB,baseline,A,https://mercouriss.github.io/macrotable-prototype/experiment?participant=P005&condition=baseline&scenario=A,macrotable,B,https://mercouriss.github.io/macrotable-prototype/experiment?participant=P005&condition=macrotable&scenario=B
main,P006,BA,macrotable,A,https://mercouriss.github.io/macrotable-prototype/experiment?participant=P006&condition=macrotable&scenario=A,baseline,B,https://mercouriss.github.io/macrotable-prototype/experiment?participant=P006&condition=baseline&scenario=B
main,P007,AB,baseline,A,https://mercouriss.github.io/macrotable-prototype/experiment?participant=P007&condition=baseline&scenario=A,macrotable,B,https://mercouriss.github.io/macrotable-prototype/experiment?participant=P007&condition=macrotable&scenario=B
main,P008,BA,macrotable,A,https://mercouriss.github.io/macrotable-prototype/experiment?participant=P008&condition=macrotable&scenario=A,baseline,B,https://mercouriss.github.io/macrotable-prototype/experiment?participant=P008&condition=baseline&scenario=B
main,P009,AB,baseline,A,https://mercouriss.github.io/macrotable-prototype/experiment?participant=P009&condition=baseline&scenario=A,macrotable,B,https://mercouriss.github.io/macrotable-prototype/experiment?participant=P009&condition=macrotable&scenario=B
main,P010,BA,macrotable,A,https://mercouriss.github.io/macrotable-prototype/experiment?participant=P010&condition=macrotable&scenario=A,baseline,B,https://mercouriss.github.io/macrotable-prototype/experiment?participant=P010&condition=baseline&scenario=B
main,P011,AB,baseline,A,https://mercouriss.github.io/macrotable-prototype/experiment?participant=P011&condition=baseline&scenario=A,macrotable,B,https://mercouriss.github.io/macrotable-prototype/experiment?participant=P011&condition=macrotable&scenario=B
main,P012,BA,macrotable,A,https://mercouriss.github.io/macrotable-prototype/experiment?participant=P012&condition=macrotable&scenario=A,baseline,B,https://mercouriss.github.io/macrotable-prototype/experiment?participant=P012&condition=baseline&scenario=B
main,P013,AB,baseline,A,https://mercouriss.github.io/macrotable-prototype/experiment?participant=P013&condition=baseline&scenario=A,macrotable,B,https://mercouriss.github.io/macrotable-prototype/experiment?participant=P013&condition=macrotable&scenario=B
main,P014,BA,macrotable,A,https://mercouriss.github.io/macrotable-prototype/experiment?participant=P014&condition=macrotable&scenario=A,baseline,B,https://mercouriss.github.io/macrotable-prototype/experiment?participant=P014&condition=baseline&scenario=B
main,P015,AB,baseline,A,https://mercouriss.github.io/macrotable-prototype/experiment?participant=P015&condition=baseline&scenario=A,macrotable,B,https://mercouriss.github.io/macrotable-prototype/experiment?participant=P015&condition=macrotable&scenario=B
main,P016,BA,macrotable,A,https://mercouriss.github.io/macrotable-prototype/experiment?participant=P016&condition=macrotable&scenario=A,baseline,B,https://mercouriss.github.io/macrotable-prototype/experiment?participant=P016&condition=baseline&scenario=B
main,P017,AB,baseline,A,https://mercouriss.github.io/macrotable-prototype/experiment?participant=P017&condition=baseline&scenario=A,macrotable,B,https://mercouriss.github.io/macrotable-prototype/experiment?participant=P017&condition=macrotable&scenario=B
main,P018,BA,macrotable,A,https://mercouriss.github.io/macrotable-prototype/experiment?participant=P018&condition=macrotable&scenario=A,baseline,B,https://mercouriss.github.io/macrotable-prototype/experiment?participant=P018&condition=baseline&scenario=B
main,P019,AB,baseline,A,https://mercouriss.github.io/macrotable-prototype/experiment?participant=P019&condition=baseline&scenario=A,macrotable,B,https://mercouriss.github.io/macrotable-prototype/experiment?participant=P019&condition=macrotable&scenario=B
main,P020,BA,macrotable,A,https://mercouriss.github.io/macrotable-prototype/experiment?participant=P020&condition=macrotable&scenario=A,baseline,B,https://mercouriss.github.io/macrotable-prototype/experiment?participant=P020&condition=baseline&scenario=B
main,P021,AB,baseline,A,https://mercouriss.github.io/macrotable-prototype/experiment?participant=P021&condition=baseline&scenario=A,macrotable,B,https://mercouriss.github.io/macrotable-prototype/experiment?participant=P021&condition=macrotable&scenario=B
main,P022,BA,macrotable,A,https://mercouriss.github.io/macrotable-prototype/experiment?participant=P022&condition=macrotable&scenario=A,baseline,B,https://mercouriss.github.io/macrotable-prototype/experiment?participant=P022&condition=baseline&scenario=B
main,P023,AB,baseline,A,https://mercouriss.github.io/macrotable-prototype/experiment?participant=P023&condition=baseline&scenario=A,macrotable,B,https://mercouriss.github.io/macrotable-prototype/experiment?participant=P023&condition=macrotable&scenario=B
main,P024,BA,macrotable,A,https://mercouriss.github.io/macrotable-prototype/experiment?participant=P024&condition=macrotable&scenario=A,baseline,B,https://mercouriss.github.io/macrotable-prototype/experiment?participant=P024&condition=baseline&scenario=B
main,P025,AB,baseline,A,https://mercouriss.github.io/macrotable-prototype/experiment?participant=P025&condition=baseline&scenario=A,macrotable,B,https://mercouriss.github.io/macrotable-prototype/experiment?participant=P025&condition=macrotable&scenario=B
main,P026,BA,macrotable,A,https://mercouriss.github.io/macrotable-prototype/experiment?participant=P026&condition=macrotable&scenario=A,baseline,B,https://mercouriss.github.io/macrotable-prototype/experiment?participant=P026&condition=baseline&scenario=B
main,P027,AB,baseline,A,https://mercouriss.github.io/macrotable-prototype/experiment?participant=P027&condition=baseline&scenario=A,macrotable,B,https://mercouriss.github.io/macrotable-prototype/experiment?participant=P027&condition=macrotable&scenario=B
main,P028,BA,macrotable,A,https://mercouriss.github.io/macrotable-prototype/experiment?participant=P028&condition=macrotable&scenario=A,baseline,B,https://mercouriss.github.io/macrotable-prototype/experiment?participant=P028&condition=baseline&scenario=B
main,P029,AB,baseline,A,https://mercouriss.github.io/macrotable-prototype/experiment?participant=P029&condition=baseline&scenario=A,macrotable,B,https://mercouriss.github.io/macrotable-prototype/experiment?participant=P029&condition=macrotable&scenario=B
main,P030,BA,macrotable,A,https://mercouriss.github.io/macrotable-prototype/experiment?participant=P030&condition=macrotable&scenario=A,baseline,B,https://mercouriss.github.io/macrotable-prototype/experiment?participant=P030&condition=baseline&scenario=B
main,P031,AB,baseline,A,https://mercouriss.github.io/macrotable-prototype/experiment?participant=P031&condition=baseline&scenario=A,macrotable,B,https://mercouriss.github.io/macrotable-prototype/experiment?participant=P031&condition=macrotable&scenario=B
main,P032,BA,macrotable,A,https://mercouriss.github.io/macrotable-prototype/experiment?participant=P032&condition=macrotable&scenario=A,baseline,B,https://mercouriss.github.io/macrotable-prototype/experiment?participant=P032&condition=baseline&scenario=B
main,P033,AB,baseline,A,https://mercouriss.github.io/macrotable-prototype/experiment?participant=P033&condition=baseline&scenario=A,macrotable,B,https://mercouriss.github.io/macrotable-prototype/experiment?participant=P033&condition=macrotable&scenario=B
main,P034,BA,macrotable,A,https://mercouriss.github.io/macrotable-prototype/experiment?participant=P034&condition=macrotable&scenario=A,baseline,B,https://mercouriss.github.io/macrotable-prototype/experiment?participant=P034&condition=baseline&scenario=B
main,P035,AB,baseline,A,https://mercouriss.github.io/macrotable-prototype/experiment?participant=P035&condition=baseline&scenario=A,macrotable,B,https://mercouriss.github.io/macrotable-prototype/experiment?participant=P035&condition=macrotable&scenario=B
main,P036,BA,macrotable,A,https://mercouriss.github.io/macrotable-prototype/experiment?participant=P036&condition=macrotable&scenario=A,baseline,B,https://mercouriss.github.io/macrotable-prototype/experiment?participant=P036&condition=baseline&scenario=B
main,P037,AB,baseline,A,https://mercouriss.github.io/macrotable-prototype/experiment?participant=P037&condition=baseline&scenario=A,macrotable,B,https://mercouriss.github.io/macrotable-prototype/experiment?participant=P037&condition=macrotable&scenario=B
main,P038,BA,macrotable,A,https://mercouriss.github.io/macrotable-prototype/experiment?participant=P038&condition=macrotable&scenario=A,baseline,B,https://mercouriss.github.io/macrotable-prototype/experiment?participant=P038&condition=baseline&scenario=B
main,P039,AB,baseline,A,https://mercouriss.github.io/macrotable-prototype/experiment?participant=P039&condition=baseline&scenario=A,macrotable,B,https://mercouriss.github.io/macrotable-prototype/experiment?participant=P039&condition=macrotable&scenario=B
main,P040,BA,macrotable,A,https://mercouriss.github.io/macrotable-prototype/experiment?participant=P040&condition=macrotable&scenario=A,baseline,B,https://mercouriss.github.io/macrotable-prototype/experiment?participant=P040&condition=baseline&scenario=B
